{
  "deepseek-v3": {
    "display_name": "DeepSeek V3",
    "total_prompts": 257,
    "compiled": 2676,
    "compile_rate": 10.412451361867705,
    "evaluated": 2772,
    "dists": {
      "mean": 0.2725290334198898,
      "std": 0.06385873485442045,
      "ci95": 0.0023782720219153175,
      "n": 2772
    },
    "clip_sim": {
      "mean": 0.8965274213798462,
      "std": 0.06443714254248303,
      "ci95": 0.002399813488793983,
      "n": 2772
    },
    "edge_iou": {
      "mean": 0.07809136255684128,
      "std": 0.05759601971356255,
      "ci95": 0.0021450315696156775,
      "n": 2772
    },
    "edge_f1": {
      "mean": 0.14025654534625384,
      "std": 0.08731988829015144,
      "ci95": 0.0032520288375688464,
      "n": 2772
    }
  },
  "deepseek-r1": {
    "display_name": "DeepSeek R1",
    "total_prompts": 530,
    "compiled": 2722,
    "compile_rate": 5.1358490566037736,
    "evaluated": 2808,
    "dists": {
      "mean": 0.2779204734200426,
      "std": 0.07083407200181599,
      "ci95": 0.0026210726125593443,
      "n": 2808
    },
    "clip_sim": {
      "mean": 0.8966273768802314,
      "std": 0.06572739064096628,
      "ci95": 0.0024321101220837536,
      "n": 2808
    },
    "edge_iou": {
      "mean": 0.0731176763624367,
      "std": 0.05467027290534982,
      "ci95": 0.0020229636809483992,
      "n": 2808
    },
    "edge_f1": {
      "mean": 0.13194712347940896,
      "std": 0.08557983118732905,
      "ci95": 0.0031667098244303883,
      "n": 2808
    }
  },
  "gpt-5.4": {
    "display_name": "GPT-5.4",
    "total_prompts": 2920,
    "compiled": 2628,
    "compile_rate": 0.9,
    "evaluated": 2628,
    "dists": {
      "mean": 0.39618680414090235,
      "std": 0.14301246270913692,
      "ci95": 0.005470278499523573,
      "n": 2628
    },
    "clip_sim": {
      "mean": 0.8394279130245452,
      "std": 0.09557207182471338,
      "ci95": 0.00365566636469264,
      "n": 2628
    },
    "edge_iou": {
      "mean": 0.04211548913089283,
      "std": 0.040750666592034794,
      "ci95": 0.0015587277575454235,
      "n": 2628
    },
    "edge_f1": {
      "mean": 0.07814172725705544,
      "std": 0.0691619465642228,
      "ci95": 0.0026454695074018524,
      "n": 2628
    }
  },
  "gpt-oss": {
    "display_name": "GPT-OSS-120B",
    "total_prompts": 930,
    "compiled": 2508,
    "compile_rate": 2.696774193548387,
    "evaluated": 2582,
    "dists": {
      "mean": 0.27186789178368104,
      "std": 0.07003380937328205,
      "ci95": 0.0027025978759674415,
      "n": 2582
    },
    "clip_sim": {
      "mean": 0.9005679121943614,
      "std": 0.06657442104352396,
      "ci95": 0.002569100417585325,
      "n": 2582
    },
    "edge_iou": {
      "mean": 0.07156022240280371,
      "std": 0.0556392317877105,
      "ci95": 0.0021471125302987303,
      "n": 2582
    },
    "edge_f1": {
      "mean": 0.12918993755446628,
      "std": 0.08517679956935821,
      "ci95": 0.003286964391311162,
      "n": 2582
    }
  },
  "claude-opus-4.6": {
    "display_name": "Claude Opus 4.6",
    "total_prompts": 545,
    "compiled": 2601,
    "compile_rate": 4.772477064220183,
    "evaluated": 2690,
    "dists": {
      "mean": 0.2629114272647631,
      "std": 0.06829946083237952,
      "ci95": 0.002582169530528998,
      "n": 2690
    },
    "clip_sim": {
      "mean": 0.9045918722024194,
      "std": 0.062180741168032704,
      "ci95": 0.0023508416211930772,
      "n": 2690
    },
    "edge_iou": {
      "mean": 0.08945965359825295,
      "std": 0.07096557517969582,
      "ci95": 0.0026829662154317082,
      "n": 2690
    },
    "edge_f1": {
      "mean": 0.15754543092707757,
      "std": 0.10372345743378714,
      "ci95": 0.003921429951606186,
      "n": 2690
    }
  },
  "gemini-3.1-pro": {
    "display_name": "Gemini 3.1 Pro",
    "total_prompts": 2716,
    "compiled": 2064,
    "compile_rate": 0.759941089837997,
    "evaluated": 2083,
    "dists": {
      "mean": 0.27213666771560463,
      "std": 0.12413149153842802,
      "ci95": 0.00533381534660602,
      "n": 2083
    },
    "clip_sim": {
      "mean": 0.9010506359018847,
      "std": 0.09101229562805646,
      "ci95": 0.003910714139775648,
      "n": 2083
    },
    "edge_iou": {
      "mean": 0.09492628207577565,
      "std": 0.08564365544987748,
      "ci95": 0.003680028638313579,
      "n": 2083
    },
    "edge_f1": {
      "mean": 0.1639389063499957,
      "std": 0.12259289757032754,
      "ci95": 0.005267703387283359,
      "n": 2083
    }
  },
  "qwen3.5-35b": {
    "display_name": "Qwen3.5-35B",
    "total_prompts": 2920,
    "compiled": 2542,
    "compile_rate": 0.8705479452054794,
    "evaluated": 2542,
    "dists": {
      "mean": 0.3307266874542206,
      "std": 0.12237938152484061,
      "ci95": 0.004759655158195535,
      "n": 2542
    },
    "clip_sim": {
      "mean": 0.8721664676766617,
      "std": 0.08252105776321143,
      "ci95": 0.003209460395603454,
      "n": 2542
    },
    "edge_iou": {
      "mean": 0.059329814076266835,
      "std": 0.052442693515282045,
      "ci95": 0.0020396339120982887,
      "n": 2542
    },
    "edge_f1": {
      "mean": 0.10792738228183758,
      "std": 0.08342864922934552,
      "ci95": 0.0032447590084048474,
      "n": 2542
    }
  },
  "llama-4-maverick": {
    "display_name": "Llama 4 Maverick",
    "total_prompts": 2920,
    "compiled": 2641,
    "compile_rate": 0.9044520547945205,
    "evaluated": 2641,
    "dists": {
      "mean": 0.3058840896946966,
      "std": 0.0928654851492653,
      "ci95": 0.0035433771323386486,
      "n": 2641
    },
    "clip_sim": {
      "mean": 0.8836480904510192,
      "std": 0.06640891282033227,
      "ci95": 0.0025338996796583036,
      "n": 2641
    },
    "edge_iou": {
      "mean": 0.06026279731111535,
      "std": 0.04749831712207475,
      "ci95": 0.0018123466478897786,
      "n": 2641
    },
    "edge_f1": {
      "mean": 0.11028629435272522,
      "std": 0.07642166746986015,
      "ci95": 0.0029159465273092713,
      "n": 2641
    }
  },
  "kimi-k2.5": {
    "display_name": "Kimi K2.5",
    "total_prompts": 2920,
    "compiled": 2389,
    "compile_rate": 0.8181506849315069,
    "evaluated": 2389,
    "dists": {
      "mean": 0.28110585628368207,
      "std": 0.10938014811704856,
      "ci95": 0.004388324157117948,
      "n": 2389
    },
    "clip_sim": {
      "mean": 0.8979234620086715,
      "std": 0.07853799359572691,
      "ci95": 0.003150939000182101,
      "n": 2389
    },
    "edge_iou": {
      "mean": 0.07725211872975352,
      "std": 0.06706361676233943,
      "ci95": 0.002690587776375516,
      "n": 2389
    },
    "edge_f1": {
      "mean": 0.13724542747477603,
      "std": 0.10048224288250657,
      "ci95": 0.004031340799893908,
      "n": 2389
    }
  },
  "nano-banana-2": {
    "display_name": "Nano Banana 2",
    "total_prompts": 11,
    "compiled": 2920,
    "compile_rate": 265.45454545454544,
    "evaluated": 2920,
    "dists": {
      "mean": 0.2844786730122893,
      "std": 0.06192756736287503,
      "ci95": 0.0022470917339989594,
      "n": 2920
    },
    "clip_sim": {
      "mean": 0.8861279535885543,
      "std": 0.07441161506490362,
      "ci95": 0.0027000854747945093,
      "n": 2920
    },
    "edge_iou": {
      "mean": 0.07907779642710883,
      "std": 0.04307513597239666,
      "ci95": 0.0015630160541794619,
      "n": 2920
    },
    "edge_f1": {
      "mean": 0.14374652038762106,
      "std": 0.07080791299813953,
      "ci95": 0.002569322238470856,
      "n": 2920
    }
  },
  "nano-banana-pro": {
    "display_name": "Nano Banana Pro",
    "total_prompts": 1923,
    "compiled": 2908,
    "compile_rate": 1.5122204888195527,
    "evaluated": 2908,
    "dists": {
      "mean": 0.2831118966682085,
      "std": 0.06484295505178032,
      "ci95": 0.0023577326005369843,
      "n": 2908
    },
    "clip_sim": {
      "mean": 0.901344536730643,
      "std": 0.060791239694118725,
      "ci95": 0.0022104095585931574,
      "n": 2908
    },